"id","name","scale","domain","item","response"
1,"AAAS_AD","AAAS","AD",1,4
1,"AAAS_AD","AAAS","AD",2,4
1,"AAAS_AD","AAAS","AD",3,5
1,"AAAS_AD","AAAS","AD",4,2
1,"AAAS_AD","AAAS","AD",5,1
1,"AAAS_AD","AAAS","AD",6,4
1,"AAAS_AD","AAAS","AD",7,5
1,"AAAS_AD","AAAS","AD",8,3
1,"AAAS_AD","AAAS","AD",9,3
1,"AAAS_AD","AAAS","AD",10,4
1,"AAAS_AG","AAAS","AG",1,1
1,"AAAS_AG","AAAS","AG",2,2
1,"AAAS_AG","AAAS","AG",3,1
1,"AAAS_AG","AAAS","AG",4,3
1,"AAAS_AG","AAAS","AG",5,3
1,"AAAS_AG","AAAS","AG",6,2
1,"AAAS_AG","AAAS","AG",7,1
1,"AAAS_AG","AAAS","AG",8,2
1,"AAAS_AG","AAAS","AG",9,1
1,"AAAS_AG","AAAS","AG",10,4
1,"AAAS_AG","AAAS","AG",11,4
1,"BES_AF","BES","AF",1,4
1,"BES_AF","BES","AF",2,4
1,"BES_AF","BES","AF",3,4
1,"BES_AF","BES","AF",4,4
1,"BES_AF","BES","AF",5,5
1,"BES_AF","BES","AF",6,4
1,"BES_AF","BES","AF",7,4
1,"BES_AF","BES","AF",8,3
1,"BES_AF","BES","AF",9,2
1,"BES_AF","BES","AF",10,5
1,"BES_CE","BES","CE",1,4
1,"BES_CE","BES","CE",2,4
1,"BES_CE","BES","CE",3,5
1,"BES_CE","BES","CE",4,4
1,"BES_CE","BES","CE",5,4
1,"BES_CE","BES","CE",6,5
1,"BES_CE","BES","CE",7,5
1,"BES_CE","BES","CE",8,4
1,"BES_CE","BES","CE",9,4
1,"CON_full","CON","full",1,5
1,"CON_full","CON","full",2,3
1,"CON_full","CON","full",3,4
1,"CON_full","CON","full",4,2
1,"CON_full","CON","full",5,5
1,"CON_full","CON","full",6,3
1,"CON_full","CON","full",7,3
1,"CON_full","CON","full",8,3
1,"CON_full","CON","full",9,3
1,"CON_full","CON","full",10,3
1,"CON_full","CON","full",11,2
1,"CON_full","CON","full",12,4
1,"CON_full","CON","full",13,4
1,"CON_full","CON","full",14,5
1,"CON_full","CON","full",15,3
1,"CON_full","CON","full",16,4
1,"CON_full","CON","full",17,2
1,"CON_full","CON","full",18,4
1,"CON_full","CON","full",19,2
1,"CON_full","CON","full",20,4
1,"CON_full","CON","full",21,5
1,"CON_full","CON","full",22,5
1,"CON_full","CON","full",23,3
1,"CON_full","CON","full",24,3
1,"CON_full","CON","full",25,2
1,"CON_full","CON","full",26,4
1,"CON_full","CON","full",27,5
1,"CON_full","CON","full",28,4
1,"CON_full","CON","full",29,2
1,"CON_full","CON","full",30,1
1,"CON_full","CON","full",31,4
1,"LEAD_LF","LEAD","LF",1,1
1,"LEAD_LF","LEAD","LF",2,2
1,"LEAD_LF","LEAD","LF",3,1
1,"LEAD_TA","LEAD","TA",1,3
1,"LEAD_TA","LEAD","TA",2,3
1,"LEAD_TA","LEAD","TA",3,3
1,"LEAD_TA","LEAD","TA",4,2
1,"LEAD_TA","LEAD","TA",5,3
1,"LEAD_TA","LEAD","TA",6,2
1,"LEAD_TF","LEAD","TF",1,4
1,"LEAD_TF","LEAD","TF",2,4
1,"LEAD_TF","LEAD","TF",3,4
1,"LEAD_TF","LEAD","TF",4,3
1,"LEAD_TF","LEAD","TF",5,4
1,"LEAD_TF","LEAD","TF",6,4
1,"LEAD_TF","LEAD","TF",7,4
1,"LEAD_TF","LEAD","TF",8,3
1,"LEAD_TF","LEAD","TF",9,3
1,"LEAD_TF","LEAD","TF",10,3
1,"LEAD_TF","LEAD","TF",11,2
1,"LEAD_TF","LEAD","TF",12,3
1,"NPI_full","NPI","full",1,0
1,"NPI_full","NPI","full",2,1
1,"NPI_full","NPI","full",3,0
1,"NPI_full","NPI","full",4,0
1,"NPI_full","NPI","full",5,1
1,"NPI_full","NPI","full",6,1
1,"NPI_full","NPI","full",7,0
1,"NPI_full","NPI","full",8,0
1,"NPI_full","NPI","full",9,0
1,"NPI_full","NPI","full",10,1
1,"NPI_full","NPI","full",11,0
1,"NPI_full","NPI","full",12,0
1,"NPI_full","NPI","full",13,1
1,"NPI_full","NPI","full",14,0
1,"NPI_full","NPI","full",15,0
1,"NPI_full","NPI","full",16,1
2,"AAAS_AD","AAAS","AD",1,1
2,"AAAS_AD","AAAS","AD",2,5
2,"AAAS_AD","AAAS","AD",3,5
2,"AAAS_AD","AAAS","AD",4,5
2,"AAAS_AD","AAAS","AD",5,1
2,"AAAS_AD","AAAS","AD",6,5
2,"AAAS_AD","AAAS","AD",7,5
2,"AAAS_AD","AAAS","AD",8,5
2,"AAAS_AD","AAAS","AD",9,1
2,"AAAS_AD","AAAS","AD",10,1
2,"AAAS_AG","AAAS","AG",1,1
2,"AAAS_AG","AAAS","AG",2,5
2,"AAAS_AG","AAAS","AG",3,1
2,"AAAS_AG","AAAS","AG",4,5
2,"AAAS_AG","AAAS","AG",5,5
2,"AAAS_AG","AAAS","AG",6,1
2,"AAAS_AG","AAAS","AG",7,5
2,"AAAS_AG","AAAS","AG",8,5
2,"AAAS_AG","AAAS","AG",9,1
2,"AAAS_AG","AAAS","AG",10,5
2,"AAAS_AG","AAAS","AG",11,5
2,"BES_AF","BES","AF",1,4
2,"BES_AF","BES","AF",2,4
2,"BES_AF","BES","AF",3,3
2,"BES_AF","BES","AF",4,4
2,"BES_AF","BES","AF",5,4
2,"BES_AF","BES","AF",6,4
2,"BES_AF","BES","AF",7,4
2,"BES_AF","BES","AF",8,3
2,"BES_AF","BES","AF",9,2
2,"BES_AF","BES","AF",10,3
2,"BES_CE","BES","CE",1,4
2,"BES_CE","BES","CE",2,3
2,"BES_CE","BES","CE",3,4
2,"BES_CE","BES","CE",4,4
2,"BES_CE","BES","CE",5,4
2,"BES_CE","BES","CE",6,4
2,"BES_CE","BES","CE",7,4
2,"BES_CE","BES","CE",8,4
2,"BES_CE","BES","CE",9,4
2,"CON_full","CON","full",1,3
2,"CON_full","CON","full",2,4
2,"CON_full","CON","full",3,2
2,"CON_full","CON","full",4,4
2,"CON_full","CON","full",5,3
2,"CON_full","CON","full",6,4
2,"CON_full","CON","full",7,2
2,"CON_full","CON","full",8,3
2,"CON_full","CON","full",9,2
2,"CON_full","CON","full",10,3
2,"CON_full","CON","full",11,2
2,"CON_full","CON","full",12,4
2,"CON_full","CON","full",13,4
2,"CON_full","CON","full",14,2
2,"CON_full","CON","full",15,3
2,"CON_full","CON","full",16,4
2,"CON_full","CON","full",17,3
2,"CON_full","CON","full",18,4
2,"CON_full","CON","full",19,5
2,"CON_full","CON","full",20,4
2,"CON_full","CON","full",21,4
2,"CON_full","CON","full",22,4
2,"CON_full","CON","full",23,4
2,"CON_full","CON","full",24,4
2,"CON_full","CON","full",25,2
2,"CON_full","CON","full",26,4
2,"CON_full","CON","full",27,4
2,"CON_full","CON","full",28,4
2,"CON_full","CON","full",29,2
2,"CON_full","CON","full",30,3
2,"CON_full","CON","full",31,2
2,"LEAD_LF","LEAD","LF",1,3
2,"LEAD_LF","LEAD","LF",2,2
2,"LEAD_LF","LEAD","LF",3,2
2,"LEAD_TA","LEAD","TA",1,3
2,"LEAD_TA","LEAD","TA",2,3
2,"LEAD_TA","LEAD","TA",3,3
2,"LEAD_TA","LEAD","TA",4,3
2,"LEAD_TA","LEAD","TA",5,3
2,"LEAD_TA","LEAD","TA",6,2
2,"LEAD_TF","LEAD","TF",1,3
2,"LEAD_TF","LEAD","TF",2,3
2,"LEAD_TF","LEAD","TF",3,3
2,"LEAD_TF","LEAD","TF",4,2
2,"LEAD_TF","LEAD","TF",5,3
2,"LEAD_TF","LEAD","TF",6,3
2,"LEAD_TF","LEAD","TF",7,3
2,"LEAD_TF","LEAD","TF",8,2
2,"LEAD_TF","LEAD","TF",9,3
2,"LEAD_TF","LEAD","TF",10,4
2,"LEAD_TF","LEAD","TF",11,4
2,"LEAD_TF","LEAD","TF",12,3
2,"NPI_full","NPI","full",1,1
2,"NPI_full","NPI","full",2,1
2,"NPI_full","NPI","full",3,0
2,"NPI_full","NPI","full",4,0
2,"NPI_full","NPI","full",5,1
2,"NPI_full","NPI","full",6,1
2,"NPI_full","NPI","full",7,0
2,"NPI_full","NPI","full",8,1
2,"NPI_full","NPI","full",9,1
2,"NPI_full","NPI","full",10,1
2,"NPI_full","NPI","full",11,1
2,"NPI_full","NPI","full",12,1
2,"NPI_full","NPI","full",13,1
2,"NPI_full","NPI","full",14,1
2,"NPI_full","NPI","full",15,0
2,"NPI_full","NPI","full",16,0
3,"AAAS_AD","AAAS","AD",1,3
3,"AAAS_AD","AAAS","AD",2,4
3,"AAAS_AD","AAAS","AD",3,4
3,"AAAS_AD","AAAS","AD",4,5
3,"AAAS_AD","AAAS","AD",5,1
3,"AAAS_AD","AAAS","AD",6,4
3,"AAAS_AD","AAAS","AD",7,3
3,"AAAS_AD","AAAS","AD",8,4
3,"AAAS_AD","AAAS","AD",9,4
3,"AAAS_AD","AAAS","AD",10,4
3,"AAAS_AG","AAAS","AG",1,1
3,"AAAS_AG","AAAS","AG",2,1
3,"AAAS_AG","AAAS","AG",3,1
3,"AAAS_AG","AAAS","AG",4,4
3,"AAAS_AG","AAAS","AG",5,4
3,"AAAS_AG","AAAS","AG",6,1
3,"AAAS_AG","AAAS","AG",7,1
3,"AAAS_AG","AAAS","AG",8,3
3,"AAAS_AG","AAAS","AG",9,1
3,"AAAS_AG","AAAS","AG",10,2
3,"AAAS_AG","AAAS","AG",11,3
3,"BES_AF","BES","AF",1,4
3,"BES_AF","BES","AF",2,4
3,"BES_AF","BES","AF",3,3
3,"BES_AF","BES","AF",4,4
3,"BES_AF","BES","AF",5,4
3,"BES_AF","BES","AF",6,4
3,"BES_AF","BES","AF",7,3
3,"BES_AF","BES","AF",8,3
3,"BES_AF","BES","AF",9,4
3,"BES_AF","BES","AF",10,4
3,"BES_CE","BES","CE",1,4
3,"BES_CE","BES","CE",2,4
3,"BES_CE","BES","CE",3,4
3,"BES_CE","BES","CE",4,4
3,"BES_CE","BES","CE",5,4
3,"BES_CE","BES","CE",6,4
3,"BES_CE","BES","CE",7,4
3,"BES_CE","BES","CE",8,4
3,"BES_CE","BES","CE",9,4
3,"CON_full","CON","full",1,2
3,"CON_full","CON","full",2,3
3,"CON_full","CON","full",3,3
3,"CON_full","CON","full",4,3
3,"CON_full","CON","full",5,4
3,"CON_full","CON","full",6,4
3,"CON_full","CON","full",7,3
3,"CON_full","CON","full",8,3
3,"CON_full","CON","full",9,2
3,"CON_full","CON","full",10,3
3,"CON_full","CON","full",11,4
3,"CON_full","CON","full",12,2
3,"CON_full","CON","full",13,3
3,"CON_full","CON","full",14,3
3,"CON_full","CON","full",15,4
3,"CON_full","CON","full",16,3
3,"CON_full","CON","full",17,3
3,"CON_full","CON","full",18,2
3,"CON_full","CON","full",19,4
3,"CON_full","CON","full",20,3
3,"CON_full","CON","full",21,4
3,"CON_full","CON","full",22,4
3,"CON_full","CON","full",23,2
3,"CON_full","CON","full",24,3
3,"CON_full","CON","full",25,2
3,"CON_full","CON","full",26,2
3,"CON_full","CON","full",27,3
3,"CON_full","CON","full",28,2
3,"CON_full","CON","full",29,3
3,"CON_full","CON","full",30,4
3,"CON_full","CON","full",31,4
3,"LEAD_LF","LEAD","LF",1,2
3,"LEAD_LF","LEAD","LF",2,2
3,"LEAD_LF","LEAD","LF",3,1
3,"LEAD_TA","LEAD","TA",1,3
3,"LEAD_TA","LEAD","TA",2,3
3,"LEAD_TA","LEAD","TA",3,3
3,"LEAD_TA","LEAD","TA",4,3
3,"LEAD_TA","LEAD","TA",5,3
3,"LEAD_TA","LEAD","TA",6,3
3,"LEAD_TF","LEAD","TF",1,3
3,"LEAD_TF","LEAD","TF",2,3
3,"LEAD_TF","LEAD","TF",3,3
3,"LEAD_TF","LEAD","TF",4,3
3,"LEAD_TF","LEAD","TF",5,3
3,"LEAD_TF","LEAD","TF",6,3
3,"LEAD_TF","LEAD","TF",7,3
3,"LEAD_TF","LEAD","TF",8,3
3,"LEAD_TF","LEAD","TF",9,3
3,"LEAD_TF","LEAD","TF",10,3
3,"LEAD_TF","LEAD","TF",11,3
3,"LEAD_TF","LEAD","TF",12,3
3,"NPI_full","NPI","full",1,1
3,"NPI_full","NPI","full",2,1
3,"NPI_full","NPI","full",3,0
3,"NPI_full","NPI","full",4,0
3,"NPI_full","NPI","full",5,1
3,"NPI_full","NPI","full",6,1
3,"NPI_full","NPI","full",7,1
3,"NPI_full","NPI","full",8,0
3,"NPI_full","NPI","full",9,1
3,"NPI_full","NPI","full",10,1
3,"NPI_full","NPI","full",11,0
3,"NPI_full","NPI","full",12,0
3,"NPI_full","NPI","full",13,0
3,"NPI_full","NPI","full",14,1
3,"NPI_full","NPI","full",15,0
3,"NPI_full","NPI","full",16,0
4,"AAAS_AD","AAAS","AD",1,2
4,"AAAS_AD","AAAS","AD",2,2
4,"AAAS_AD","AAAS","AD",3,4
4,"AAAS_AD","AAAS","AD",4,1
4,"AAAS_AD","AAAS","AD",5,1
4,"AAAS_AD","AAAS","AD",6,4
4,"AAAS_AD","AAAS","AD",7,3
4,"AAAS_AD","AAAS","AD",8,4
4,"AAAS_AD","AAAS","AD",9,4
4,"AAAS_AD","AAAS","AD",10,3
4,"AAAS_AG","AAAS","AG",1,2
4,"AAAS_AG","AAAS","AG",2,2
4,"AAAS_AG","AAAS","AG",3,1
4,"AAAS_AG","AAAS","AG",4,2
4,"AAAS_AG","AAAS","AG",5,2
4,"AAAS_AG","AAAS","AG",6,1
4,"AAAS_AG","AAAS","AG",7,1
4,"AAAS_AG","AAAS","AG",8,2
4,"AAAS_AG","AAAS","AG",9,1
4,"AAAS_AG","AAAS","AG",10,3
4,"AAAS_AG","AAAS","AG",11,4
4,"BES_AF","BES","AF",1,3
4,"BES_AF","BES","AF",2,2
4,"BES_AF","BES","AF",3,2
4,"BES_AF","BES","AF",4,2
4,"BES_AF","BES","AF",5,3
4,"BES_AF","BES","AF",6,3
4,"BES_AF","BES","AF",7,3
4,"BES_AF","BES","AF",8,2
4,"BES_AF","BES","AF",9,2
4,"BES_AF","BES","AF",10,4
4,"BES_CE","BES","CE",1,4
4,"BES_CE","BES","CE",2,1
4,"BES_CE","BES","CE",3,4
4,"BES_CE","BES","CE",4,2
4,"BES_CE","BES","CE",5,4
4,"BES_CE","BES","CE",6,4
4,"BES_CE","BES","CE",7,4
4,"BES_CE","BES","CE",8,5
4,"BES_CE","BES","CE",9,4
4,"CON_full","CON","full",1,4
4,"CON_full","CON","full",2,2
4,"CON_full","CON","full",3,2
4,"CON_full","CON","full",4,2
4,"CON_full","CON","full",5,2
4,"CON_full","CON","full",6,2
4,"CON_full","CON","full",7,2
4,"CON_full","CON","full",8,4
4,"CON_full","CON","full",9,2
4,"CON_full","CON","full",10,2
4,"CON_full","CON","full",11,3
4,"CON_full","CON","full",12,2
4,"CON_full","CON","full",13,5
4,"CON_full","CON","full",14,4
4,"CON_full","CON","full",15,4
4,"CON_full","CON","full",16,3
4,"CON_full","CON","full",17,2
4,"CON_full","CON","full",18,3
4,"CON_full","CON","full",19,2
4,"CON_full","CON","full",20,4
4,"CON_full","CON","full",21,5
4,"CON_full","CON","full",22,4
4,"CON_full","CON","full",23,2
4,"CON_full","CON","full",24,4
4,"CON_full","CON","full",25,2
4,"CON_full","CON","full",26,4
4,"CON_full","CON","full",27,4
4,"CON_full","CON","full",28,1
4,"CON_full","CON","full",29,2
4,"CON_full","CON","full",30,1
4,"CON_full","CON","full",31,2
4,"LEAD_LF","LEAD","LF",1,2
4,"LEAD_LF","LEAD","LF",2,2
4,"LEAD_LF","LEAD","LF",3,2
4,"LEAD_TA","LEAD","TA",1,3
4,"LEAD_TA","LEAD","TA",2,4
4,"LEAD_TA","LEAD","TA",3,4
4,"LEAD_TA","LEAD","TA",4,4
4,"LEAD_TA","LEAD","TA",5,3
4,"LEAD_TA","LEAD","TA",6,3
4,"LEAD_TF","LEAD","TF",1,4
4,"LEAD_TF","LEAD","TF",2,3
4,"LEAD_TF","LEAD","TF",3,4
4,"LEAD_TF","LEAD","TF",4,4
4,"LEAD_TF","LEAD","TF",5,3
4,"LEAD_TF","LEAD","TF",6,3
4,"LEAD_TF","LEAD","TF",7,3
4,"LEAD_TF","LEAD","TF",8,4
4,"LEAD_TF","LEAD","TF",9,4
4,"LEAD_TF","LEAD","TF",10,4
4,"LEAD_TF","LEAD","TF",11,3
4,"LEAD_TF","LEAD","TF",12,4
4,"NPI_full","NPI","full",1,0
4,"NPI_full","NPI","full",2,1
4,"NPI_full","NPI","full",3,0
4,"NPI_full","NPI","full",4,0
4,"NPI_full","NPI","full",5,0
4,"NPI_full","NPI","full",6,1
4,"NPI_full","NPI","full",7,1
4,"NPI_full","NPI","full",8,0
4,"NPI_full","NPI","full",9,0
4,"NPI_full","NPI","full",10,1
4,"NPI_full","NPI","full",11,1
4,"NPI_full","NPI","full",12,1
4,"NPI_full","NPI","full",13,0
4,"NPI_full","NPI","full",14,0
4,"NPI_full","NPI","full",15,0
4,"NPI_full","NPI","full",16,1
5,"AAAS_AD","AAAS","AD",1,3
5,"AAAS_AD","AAAS","AD",2,2
5,"AAAS_AD","AAAS","AD",3,5
5,"AAAS_AD","AAAS","AD",4,4
5,"AAAS_AD","AAAS","AD",5,1
5,"AAAS_AD","AAAS","AD",6,4
5,"AAAS_AD","AAAS","AD",7,4
5,"AAAS_AD","AAAS","AD",8,5
5,"AAAS_AD","AAAS","AD",9,5
5,"AAAS_AD","AAAS","AD",10,5
5,"AAAS_AG","AAAS","AG",1,4
5,"AAAS_AG","AAAS","AG",2,2
5,"AAAS_AG","AAAS","AG",3,3
5,"AAAS_AG","AAAS","AG",4,2
5,"AAAS_AG","AAAS","AG",5,1
5,"AAAS_AG","AAAS","AG",6,1
5,"AAAS_AG","AAAS","AG",7,1
5,"AAAS_AG","AAAS","AG",8,2
5,"AAAS_AG","AAAS","AG",9,1
5,"AAAS_AG","AAAS","AG",10,1
5,"AAAS_AG","AAAS","AG",11,4
5,"BES_AF","BES","AF",1,5
5,"BES_AF","BES","AF",2,4
5,"BES_AF","BES","AF",3,2
5,"BES_AF","BES","AF",4,5
5,"BES_AF","BES","AF",5,5
5,"BES_AF","BES","AF",6,4
5,"BES_AF","BES","AF",7,4
5,"BES_AF","BES","AF",8,2
5,"BES_AF","BES","AF",9,2
5,"BES_AF","BES","AF",10,5
5,"BES_CE","BES","CE",1,5
5,"BES_CE","BES","CE",2,5
5,"BES_CE","BES","CE",3,4
5,"BES_CE","BES","CE",4,4
5,"BES_CE","BES","CE",5,3
5,"BES_CE","BES","CE",6,5
5,"BES_CE","BES","CE",7,5
5,"BES_CE","BES","CE",8,5
5,"BES_CE","BES","CE",9,5
5,"CON_full","CON","full",1,3
5,"CON_full","CON","full",2,4
5,"CON_full","CON","full",3,3
5,"CON_full","CON","full",4,3
5,"CON_full","CON","full",5,2
5,"CON_full","CON","full",6,2
5,"CON_full","CON","full",7,2
5,"CON_full","CON","full",8,3
5,"CON_full","CON","full",9,1
5,"CON_full","CON","full",10,3
5,"CON_full","CON","full",11,3
5,"CON_full","CON","full",12,4
5,"CON_full","CON","full",13,2
5,"CON_full","CON","full",14,4
5,"CON_full","CON","full",15,3
5,"CON_full","CON","full",16,5
5,"CON_full","CON","full",17,1
5,"CON_full","CON","full",18,1
5,"CON_full","CON","full",19,5
5,"CON_full","CON","full",20,3
5,"CON_full","CON","full",21,3
5,"CON_full","CON","full",22,5
5,"CON_full","CON","full",23,1
5,"CON_full","CON","full",24,3
5,"CON_full","CON","full",25,1
5,"CON_full","CON","full",26,5
5,"CON_full","CON","full",27,5
5,"CON_full","CON","full",28,2
5,"CON_full","CON","full",29,3
5,"CON_full","CON","full",30,2
5,"CON_full","CON","full",31,1
5,"LEAD_LF","LEAD","LF",1,2
5,"LEAD_LF","LEAD","LF",2,2
5,"LEAD_LF","LEAD","LF",3,1
5,"LEAD_TA","LEAD","TA",1,4
5,"LEAD_TA","LEAD","TA",2,4
5,"LEAD_TA","LEAD","TA",3,4
5,"LEAD_TA","LEAD","TA",4,4
5,"LEAD_TA","LEAD","TA",5,4
5,"LEAD_TA","LEAD","TA",6,3
5,"LEAD_TF","LEAD","TF",1,3
5,"LEAD_TF","LEAD","TF",2,4
5,"LEAD_TF","LEAD","TF",3,3
5,"LEAD_TF","LEAD","TF",4,3
5,"LEAD_TF","LEAD","TF",5,4
5,"LEAD_TF","LEAD","TF",6,4
5,"LEAD_TF","LEAD","TF",7,3
5,"LEAD_TF","LEAD","TF",8,4
5,"LEAD_TF","LEAD","TF",9,3
5,"LEAD_TF","LEAD","TF",10,3
5,"LEAD_TF","LEAD","TF",11,3
5,"LEAD_TF","LEAD","TF",12,4
5,"NPI_full","NPI","full",1,0
5,"NPI_full","NPI","full",2,0
5,"NPI_full","NPI","full",3,0
5,"NPI_full","NPI","full",4,1
5,"NPI_full","NPI","full",5,0
5,"NPI_full","NPI","full",6,1
5,"NPI_full","NPI","full",7,0
5,"NPI_full","NPI","full",8,0
5,"NPI_full","NPI","full",9,0
5,"NPI_full","NPI","full",10,0
5,"NPI_full","NPI","full",11,0
5,"NPI_full","NPI","full",12,1
5,"NPI_full","NPI","full",13,0
5,"NPI_full","NPI","full",14,0
5,"NPI_full","NPI","full",15,1
5,"NPI_full","NPI","full",16,0
6,"AAAS_AD","AAAS","AD",1,2
6,"AAAS_AD","AAAS","AD",2,5
6,"AAAS_AD","AAAS","AD",3,5
6,"AAAS_AD","AAAS","AD",4,2
6,"AAAS_AD","AAAS","AD",5,1
6,"AAAS_AD","AAAS","AD",6,5
6,"AAAS_AD","AAAS","AD",7,5
6,"AAAS_AD","AAAS","AD",8,5
6,"AAAS_AD","AAAS","AD",9,5
6,"AAAS_AD","AAAS","AD",10,4
6,"AAAS_AG","AAAS","AG",1,1
6,"AAAS_AG","AAAS","AG",2,1
6,"AAAS_AG","AAAS","AG",3,2
6,"AAAS_AG","AAAS","AG",4,5
6,"AAAS_AG","AAAS","AG",5,4
6,"AAAS_AG","AAAS","AG",6,1
6,"AAAS_AG","AAAS","AG",7,1
6,"AAAS_AG","AAAS","AG",8,1
6,"AAAS_AG","AAAS","AG",9,1
6,"AAAS_AG","AAAS","AG",10,1
6,"AAAS_AG","AAAS","AG",11,1
6,"BES_AF","BES","AF",1,5
6,"BES_AF","BES","AF",2,4
6,"BES_AF","BES","AF",3,2
6,"BES_AF","BES","AF",4,4
6,"BES_AF","BES","AF",5,4
6,"BES_AF","BES","AF",6,4
6,"BES_AF","BES","AF",7,5
6,"BES_AF","BES","AF",8,5
6,"BES_AF","BES","AF",9,4
6,"BES_AF","BES","AF",10,5
6,"BES_CE","BES","CE",1,5
6,"BES_CE","BES","CE",2,5
6,"BES_CE","BES","CE",3,4
6,"BES_CE","BES","CE",4,4
6,"BES_CE","BES","CE",5,4
6,"BES_CE","BES","CE",6,4
6,"BES_CE","BES","CE",7,4
6,"BES_CE","BES","CE",8,4
6,"BES_CE","BES","CE",9,4
6,"CON_full","CON","full",1,4
6,"CON_full","CON","full",2,2
6,"CON_full","CON","full",3,2
6,"CON_full","CON","full",4,2
6,"CON_full","CON","full",5,1
6,"CON_full","CON","full",6,5
6,"CON_full","CON","full",7,5
6,"CON_full","CON","full",8,4
6,"CON_full","CON","full",9,4
6,"CON_full","CON","full",10,3
6,"CON_full","CON","full",11,4
6,"CON_full","CON","full",12,2
6,"CON_full","CON","full",13,3
6,"CON_full","CON","full",14,4
6,"CON_full","CON","full",15,4
6,"CON_full","CON","full",16,4
6,"CON_full","CON","full",17,4
6,"CON_full","CON","full",18,4
6,"CON_full","CON","full",19,4
6,"CON_full","CON","full",20,2
6,"CON_full","CON","full",21,4
6,"CON_full","CON","full",22,4
6,"CON_full","CON","full",23,2
6,"CON_full","CON","full",24,2
6,"CON_full","CON","full",25,2
6,"CON_full","CON","full",26,5
6,"CON_full","CON","full",27,5
6,"CON_full","CON","full",28,1
6,"CON_full","CON","full",29,1
6,"CON_full","CON","full",30,1
6,"CON_full","CON","full",31,5
6,"LEAD_LF","LEAD","LF",1,2
6,"LEAD_LF","LEAD","LF",2,1
6,"LEAD_LF","LEAD","LF",3,2
6,"LEAD_TA","LEAD","TA",1,3
6,"LEAD_TA","LEAD","TA",2,3
6,"LEAD_TA","LEAD","TA",3,4
6,"LEAD_TA","LEAD","TA",4,4
6,"LEAD_TA","LEAD","TA",5,3
6,"LEAD_TA","LEAD","TA",6,2
6,"LEAD_TF","LEAD","TF",1,4
6,"LEAD_TF","LEAD","TF",2,4
6,"LEAD_TF","LEAD","TF",3,4
6,"LEAD_TF","LEAD","TF",4,4
6,"LEAD_TF","LEAD","TF",5,4
6,"LEAD_TF","LEAD","TF",6,4
6,"LEAD_TF","LEAD","TF",7,4
6,"LEAD_TF","LEAD","TF",8,3
6,"LEAD_TF","LEAD","TF",9,4
6,"LEAD_TF","LEAD","TF",10,2
6,"LEAD_TF","LEAD","TF",11,4
6,"LEAD_TF","LEAD","TF",12,4
6,"NPI_full","NPI","full",1,1
6,"NPI_full","NPI","full",2,1
6,"NPI_full","NPI","full",3,0
6,"NPI_full","NPI","full",4,0
6,"NPI_full","NPI","full",5,0
6,"NPI_full","NPI","full",6,1
6,"NPI_full","NPI","full",7,0
6,"NPI_full","NPI","full",8,0
6,"NPI_full","NPI","full",9,1
6,"NPI_full","NPI","full",10,1
6,"NPI_full","NPI","full",11,0
6,"NPI_full","NPI","full",12,1
6,"NPI_full","NPI","full",13,1
6,"NPI_full","NPI","full",14,0
6,"NPI_full","NPI","full",15,0
6,"NPI_full","NPI","full",16,0
7,"AAAS_AD","AAAS","AD",1,5
7,"AAAS_AD","AAAS","AD",2,5
7,"AAAS_AD","AAAS","AD",3,5
7,"AAAS_AD","AAAS","AD",4,4
7,"AAAS_AD","AAAS","AD",5,1
7,"AAAS_AD","AAAS","AD",6,3
7,"AAAS_AD","AAAS","AD",7,4
7,"AAAS_AD","AAAS","AD",8,5
7,"AAAS_AD","AAAS","AD",9,5
7,"AAAS_AD","AAAS","AD",10,5
7,"AAAS_AG","AAAS","AG",1,2
7,"AAAS_AG","AAAS","AG",2,1
7,"AAAS_AG","AAAS","AG",3,3
7,"AAAS_AG","AAAS","AG",4,5
7,"AAAS_AG","AAAS","AG",5,3
7,"AAAS_AG","AAAS","AG",6,2
7,"AAAS_AG","AAAS","AG",7,1
7,"AAAS_AG","AAAS","AG",8,3
7,"AAAS_AG","AAAS","AG",9,1
7,"AAAS_AG","AAAS","AG",10,1
7,"AAAS_AG","AAAS","AG",11,2
7,"BES_AF","BES","AF",1,4
7,"BES_AF","BES","AF",2,4
7,"BES_AF","BES","AF",3,2
7,"BES_AF","BES","AF",4,5
7,"BES_AF","BES","AF",5,5
7,"BES_AF","BES","AF",6,2
7,"BES_AF","BES","AF",7,4
7,"BES_AF","BES","AF",8,3
7,"BES_AF","BES","AF",9,2
7,"BES_AF","BES","AF",10,5
7,"BES_CE","BES","CE",1,5
7,"BES_CE","BES","CE",2,5
7,"BES_CE","BES","CE",3,5
7,"BES_CE","BES","CE",4,5
7,"BES_CE","BES","CE",5,4
7,"BES_CE","BES","CE",6,5
7,"BES_CE","BES","CE",7,5
7,"BES_CE","BES","CE",8,4
7,"BES_CE","BES","CE",9,5
7,"CON_full","CON","full",1,3
7,"CON_full","CON","full",2,2
7,"CON_full","CON","full",3,4
7,"CON_full","CON","full",4,4
7,"CON_full","CON","full",5,4
7,"CON_full","CON","full",6,4
7,"CON_full","CON","full",7,4
7,"CON_full","CON","full",8,5
7,"CON_full","CON","full",9,1
7,"CON_full","CON","full",10,3
7,"CON_full","CON","full",11,1
7,"CON_full","CON","full",12,4
7,"CON_full","CON","full",13,5
7,"CON_full","CON","full",14,3
7,"CON_full","CON","full",15,5
7,"CON_full","CON","full",16,3
7,"CON_full","CON","full",17,3
7,"CON_full","CON","full",18,3
7,"CON_full","CON","full",19,4
7,"CON_full","CON","full",20,4
7,"CON_full","CON","full",21,4
7,"CON_full","CON","full",22,4
7,"CON_full","CON","full",23,3
7,"CON_full","CON","full",24,2
7,"CON_full","CON","full",25,2
7,"CON_full","CON","full",26,2
7,"CON_full","CON","full",27,4
7,"CON_full","CON","full",28,1
7,"CON_full","CON","full",29,1
7,"CON_full","CON","full",30,1
7,"CON_full","CON","full",31,5
7,"LEAD_LF","LEAD","LF",1,1
7,"LEAD_LF","LEAD","LF",2,1
7,"LEAD_LF","LEAD","LF",3,1
7,"LEAD_TA","LEAD","TA",1,5
7,"LEAD_TA","LEAD","TA",2,5
7,"LEAD_TA","LEAD","TA",3,5
7,"LEAD_TA","LEAD","TA",4,4
7,"LEAD_TA","LEAD","TA",5,4
7,"LEAD_TA","LEAD","TA",6,4
7,"LEAD_TF","LEAD","TF",1,4
7,"LEAD_TF","LEAD","TF",2,5
7,"LEAD_TF","LEAD","TF",3,5
7,"LEAD_TF","LEAD","TF",4,4
7,"LEAD_TF","LEAD","TF",5,3
7,"LEAD_TF","LEAD","TF",6,5
7,"LEAD_TF","LEAD","TF",7,3
7,"LEAD_TF","LEAD","TF",8,5
7,"LEAD_TF","LEAD","TF",9,5
7,"LEAD_TF","LEAD","TF",10,4
7,"LEAD_TF","LEAD","TF",11,3
7,"LEAD_TF","LEAD","TF",12,4
7,"NPI_full","NPI","full",1,0
7,"NPI_full","NPI","full",2,0
7,"NPI_full","NPI","full",3,0
7,"NPI_full","NPI","full",4,0
7,"NPI_full","NPI","full",5,1
7,"NPI_full","NPI","full",6,0
7,"NPI_full","NPI","full",7,0
7,"NPI_full","NPI","full",8,0
7,"NPI_full","NPI","full",9,0
7,"NPI_full","NPI","full",10,0
7,"NPI_full","NPI","full",11,0
7,"NPI_full","NPI","full",12,1
7,"NPI_full","NPI","full",13,0
7,"NPI_full","NPI","full",14,0
7,"NPI_full","NPI","full",15,0
7,"NPI_full","NPI","full",16,0
8,"AAAS_AD","AAAS","AD",1,1
8,"AAAS_AD","AAAS","AD",2,5
8,"AAAS_AD","AAAS","AD",3,5
8,"AAAS_AD","AAAS","AD",4,1
8,"AAAS_AD","AAAS","AD",5,1
8,"AAAS_AD","AAAS","AD",6,5
8,"AAAS_AD","AAAS","AD",7,5
8,"AAAS_AD","AAAS","AD",8,5
8,"AAAS_AD","AAAS","AD",9,1
8,"AAAS_AD","AAAS","AD",10,1
8,"AAAS_AG","AAAS","AG",1,1
8,"AAAS_AG","AAAS","AG",2,1
8,"AAAS_AG","AAAS","AG",3,1
8,"AAAS_AG","AAAS","AG",4,5
8,"AAAS_AG","AAAS","AG",5,5
8,"AAAS_AG","AAAS","AG",6,1
8,"AAAS_AG","AAAS","AG",7,1
8,"AAAS_AG","AAAS","AG",8,1
8,"AAAS_AG","AAAS","AG",9,1
8,"AAAS_AG","AAAS","AG",10,1
8,"AAAS_AG","AAAS","AG",11,1
8,"BES_AF","BES","AF",1,4
8,"BES_AF","BES","AF",2,3
8,"BES_AF","BES","AF",3,2
8,"BES_AF","BES","AF",4,2
8,"BES_AF","BES","AF",5,3
8,"BES_AF","BES","AF",6,3
8,"BES_AF","BES","AF",7,2
8,"BES_AF","BES","AF",8,2
8,"BES_AF","BES","AF",9,2
8,"BES_AF","BES","AF",10,4
8,"BES_CE","BES","CE",1,4
8,"BES_CE","BES","CE",2,4
8,"BES_CE","BES","CE",3,4
8,"BES_CE","BES","CE",4,2
8,"BES_CE","BES","CE",5,3
8,"BES_CE","BES","CE",6,3
8,"BES_CE","BES","CE",7,2
8,"BES_CE","BES","CE",8,3
8,"BES_CE","BES","CE",9,3
8,"CON_full","CON","full",1,3
8,"CON_full","CON","full",2,2
8,"CON_full","CON","full",3,4
8,"CON_full","CON","full",4,3
8,"CON_full","CON","full",5,3
8,"CON_full","CON","full",6,4
8,"CON_full","CON","full",7,3
8,"CON_full","CON","full",8,2
8,"CON_full","CON","full",9,2
8,"CON_full","CON","full",10,2
8,"CON_full","CON","full",11,3
8,"CON_full","CON","full",12,4
8,"CON_full","CON","full",13,4
8,"CON_full","CON","full",14,3
8,"CON_full","CON","full",15,3
8,"CON_full","CON","full",16,3
8,"CON_full","CON","full",17,3
8,"CON_full","CON","full",18,4
8,"CON_full","CON","full",19,4
8,"CON_full","CON","full",20,2
8,"CON_full","CON","full",21,2
8,"CON_full","CON","full",22,3
8,"CON_full","CON","full",23,2
8,"CON_full","CON","full",24,2
8,"CON_full","CON","full",25,3
8,"CON_full","CON","full",26,2
8,"CON_full","CON","full",27,3
8,"CON_full","CON","full",28,2
8,"CON_full","CON","full",29,2
8,"CON_full","CON","full",30,1
8,"CON_full","CON","full",31,3
8,"LEAD_LF","LEAD","LF",1,2
8,"LEAD_LF","LEAD","LF",2,1
8,"LEAD_LF","LEAD","LF",3,1
8,"LEAD_TA","LEAD","TA",1,4
8,"LEAD_TA","LEAD","TA",2,4
8,"LEAD_TA","LEAD","TA",3,3
8,"LEAD_TA","LEAD","TA",4,3
8,"LEAD_TA","LEAD","TA",5,3
8,"LEAD_TA","LEAD","TA",6,1
8,"LEAD_TF","LEAD","TF",1,4
8,"LEAD_TF","LEAD","TF",2,3
8,"LEAD_TF","LEAD","TF",3,4
8,"LEAD_TF","LEAD","TF",4,3
8,"LEAD_TF","LEAD","TF",5,5
8,"LEAD_TF","LEAD","TF",6,4
8,"LEAD_TF","LEAD","TF",7,4
8,"LEAD_TF","LEAD","TF",8,3
8,"LEAD_TF","LEAD","TF",9,4
8,"LEAD_TF","LEAD","TF",10,4
8,"LEAD_TF","LEAD","TF",11,3
8,"LEAD_TF","LEAD","TF",12,4
8,"NPI_full","NPI","full",1,0
8,"NPI_full","NPI","full",2,0
8,"NPI_full","NPI","full",3,0
8,"NPI_full","NPI","full",4,0
8,"NPI_full","NPI","full",5,0
8,"NPI_full","NPI","full",6,1
8,"NPI_full","NPI","full",7,0
8,"NPI_full","NPI","full",8,0
8,"NPI_full","NPI","full",9,0
8,"NPI_full","NPI","full",10,1
8,"NPI_full","NPI","full",11,0
8,"NPI_full","NPI","full",12,0
8,"NPI_full","NPI","full",13,0
8,"NPI_full","NPI","full",14,1
8,"NPI_full","NPI","full",15,0
8,"NPI_full","NPI","full",16,0
9,"AAAS_AD","AAAS","AD",1,4
9,"AAAS_AD","AAAS","AD",2,3
9,"AAAS_AD","AAAS","AD",3,3
9,"AAAS_AD","AAAS","AD",4,3
9,"AAAS_AD","AAAS","AD",5,4
9,"AAAS_AD","AAAS","AD",6,5
9,"AAAS_AD","AAAS","AD",7,4
9,"AAAS_AD","AAAS","AD",8,4
9,"AAAS_AD","AAAS","AD",9,3
9,"AAAS_AD","AAAS","AD",10,3
9,"AAAS_AG","AAAS","AG",1,3
9,"AAAS_AG","AAAS","AG",2,4
9,"AAAS_AG","AAAS","AG",3,3
9,"AAAS_AG","AAAS","AG",4,4
9,"AAAS_AG","AAAS","AG",5,3
9,"AAAS_AG","AAAS","AG",6,3
9,"AAAS_AG","AAAS","AG",7,3
9,"AAAS_AG","AAAS","AG",8,3
9,"AAAS_AG","AAAS","AG",9,3
9,"AAAS_AG","AAAS","AG",10,4
9,"AAAS_AG","AAAS","AG",11,3
9,"BES_AF","BES","AF",1,3
9,"BES_AF","BES","AF",2,3
9,"BES_AF","BES","AF",3,4
9,"BES_AF","BES","AF",4,3
9,"BES_AF","BES","AF",5,4
9,"BES_AF","BES","AF",6,3
9,"BES_AF","BES","AF",7,3
9,"BES_AF","BES","AF",8,2
9,"BES_AF","BES","AF",9,2
9,"BES_AF","BES","AF",10,3
9,"BES_CE","BES","CE",1,4
9,"BES_CE","BES","CE",2,2
9,"BES_CE","BES","CE",3,3
9,"BES_CE","BES","CE",4,3
9,"BES_CE","BES","CE",5,2
9,"BES_CE","BES","CE",6,3
9,"BES_CE","BES","CE",7,3
9,"BES_CE","BES","CE",8,3
9,"BES_CE","BES","CE",9,2
9,"CON_full","CON","full",1,5
9,"CON_full","CON","full",2,4
9,"CON_full","CON","full",3,4
9,"CON_full","CON","full",4,4
9,"CON_full","CON","full",5,3
9,"CON_full","CON","full",6,4
9,"CON_full","CON","full",7,3
9,"CON_full","CON","full",8,3
9,"CON_full","CON","full",9,4
9,"CON_full","CON","full",10,3
9,"CON_full","CON","full",11,5
9,"CON_full","CON","full",12,4
9,"CON_full","CON","full",13,3
9,"CON_full","CON","full",14,4
9,"CON_full","CON","full",15,4
9,"CON_full","CON","full",16,3
9,"CON_full","CON","full",17,4
9,"CON_full","CON","full",18,4
9,"CON_full","CON","full",19,2
9,"CON_full","CON","full",20,4
9,"CON_full","CON","full",21,5
9,"CON_full","CON","full",22,3
9,"CON_full","CON","full",23,2
9,"CON_full","CON","full",24,3
9,"CON_full","CON","full",25,3
9,"CON_full","CON","full",26,4
9,"CON_full","CON","full",27,3
9,"CON_full","CON","full",28,4
9,"CON_full","CON","full",29,2
9,"CON_full","CON","full",30,3
9,"CON_full","CON","full",31,4
9,"LEAD_LF","LEAD","LF",1,1
9,"LEAD_LF","LEAD","LF",2,2
9,"LEAD_LF","LEAD","LF",3,1
9,"LEAD_TA","LEAD","TA",1,3
9,"LEAD_TA","LEAD","TA",2,3
9,"LEAD_TA","LEAD","TA",3,4
9,"LEAD_TA","LEAD","TA",4,2
9,"LEAD_TA","LEAD","TA",5,2
9,"LEAD_TA","LEAD","TA",6,3
9,"LEAD_TF","LEAD","TF",1,3
9,"LEAD_TF","LEAD","TF",2,3
9,"LEAD_TF","LEAD","TF",3,3
9,"LEAD_TF","LEAD","TF",4,2
9,"LEAD_TF","LEAD","TF",5,2
9,"LEAD_TF","LEAD","TF",6,4
9,"LEAD_TF","LEAD","TF",7,3
9,"LEAD_TF","LEAD","TF",8,3
9,"LEAD_TF","LEAD","TF",9,2
9,"LEAD_TF","LEAD","TF",10,4
9,"LEAD_TF","LEAD","TF",11,3
9,"LEAD_TF","LEAD","TF",12,2
9,"NPI_full","NPI","full",1,0
9,"NPI_full","NPI","full",2,0
9,"NPI_full","NPI","full",3,0
9,"NPI_full","NPI","full",4,1
9,"NPI_full","NPI","full",5,1
9,"NPI_full","NPI","full",6,1
9,"NPI_full","NPI","full",7,0
9,"NPI_full","NPI","full",8,1
9,"NPI_full","NPI","full",9,0
9,"NPI_full","NPI","full",10,0
9,"NPI_full","NPI","full",11,0
9,"NPI_full","NPI","full",12,0
9,"NPI_full","NPI","full",13,1
9,"NPI_full","NPI","full",14,0
9,"NPI_full","NPI","full",15,0
9,"NPI_full","NPI","full",16,0
10,"AAAS_AD","AAAS","AD",1,2
10,"AAAS_AD","AAAS","AD",2,2
10,"AAAS_AD","AAAS","AD",3,2
10,"AAAS_AD","AAAS","AD",4,2
10,"AAAS_AD","AAAS","AD",5,1
10,"AAAS_AD","AAAS","AD",6,2
10,"AAAS_AD","AAAS","AD",7,2
10,"AAAS_AD","AAAS","AD",8,2
10,"AAAS_AD","AAAS","AD",9,2
10,"AAAS_AD","AAAS","AD",10,2
10,"AAAS_AG","AAAS","AG",1,1
10,"AAAS_AG","AAAS","AG",2,1
10,"AAAS_AG","AAAS","AG",3,1
10,"AAAS_AG","AAAS","AG",4,2
10,"AAAS_AG","AAAS","AG",5,2
10,"AAAS_AG","AAAS","AG",6,1
10,"AAAS_AG","AAAS","AG",7,1
10,"AAAS_AG","AAAS","AG",8,1
10,"AAAS_AG","AAAS","AG",9,1
10,"AAAS_AG","AAAS","AG",10,1
10,"AAAS_AG","AAAS","AG",11,1
10,"BES_AF","BES","AF",1,4
10,"BES_AF","BES","AF",2,4
10,"BES_AF","BES","AF",3,2
10,"BES_AF","BES","AF",4,2
10,"BES_AF","BES","AF",5,4
10,"BES_AF","BES","AF",6,3
10,"BES_AF","BES","AF",7,4
10,"BES_AF","BES","AF",8,3
10,"BES_AF","BES","AF",9,2
10,"BES_AF","BES","AF",10,5
10,"BES_CE","BES","CE",1,5
10,"BES_CE","BES","CE",2,4
10,"BES_CE","BES","CE",3,4
10,"BES_CE","BES","CE",4,4
10,"BES_CE","BES","CE",5,4
10,"BES_CE","BES","CE",6,5
10,"BES_CE","BES","CE",7,4
10,"BES_CE","BES","CE",8,4
10,"BES_CE","BES","CE",9,5
10,"CON_full","CON","full",1,2
10,"CON_full","CON","full",2,5
10,"CON_full","CON","full",3,4
10,"CON_full","CON","full",4,4
10,"CON_full","CON","full",5,5
10,"CON_full","CON","full",6,5
10,"CON_full","CON","full",7,3
10,"CON_full","CON","full",8,3
10,"CON_full","CON","full",9,1
10,"CON_full","CON","full",10,2
10,"CON_full","CON","full",11,5
10,"CON_full","CON","full",12,3
10,"CON_full","CON","full",13,4
10,"CON_full","CON","full",14,2
10,"CON_full","CON","full",15,3
10,"CON_full","CON","full",16,4
10,"CON_full","CON","full",17,4
10,"CON_full","CON","full",18,4
10,"CON_full","CON","full",19,5
10,"CON_full","CON","full",20,2
10,"CON_full","CON","full",21,2
10,"CON_full","CON","full",22,4
10,"CON_full","CON","full",23,5
10,"CON_full","CON","full",24,4
10,"CON_full","CON","full",25,2
10,"CON_full","CON","full",26,4
10,"CON_full","CON","full",27,4
10,"CON_full","CON","full",28,3
10,"CON_full","CON","full",29,1
10,"CON_full","CON","full",30,1
10,"CON_full","CON","full",31,5
10,"LEAD_LF","LEAD","LF",1,1
10,"LEAD_LF","LEAD","LF",2,1
10,"LEAD_LF","LEAD","LF",3,1
10,"LEAD_TA","LEAD","TA",1,4
10,"LEAD_TA","LEAD","TA",2,4
10,"LEAD_TA","LEAD","TA",3,3
10,"LEAD_TA","LEAD","TA",4,3
10,"LEAD_TA","LEAD","TA",5,4
10,"LEAD_TA","LEAD","TA",6,4
10,"LEAD_TF","LEAD","TF",1,3
10,"LEAD_TF","LEAD","TF",2,4
10,"LEAD_TF","LEAD","TF",3,4
10,"LEAD_TF","LEAD","TF",4,4
10,"LEAD_TF","LEAD","TF",5,4
10,"LEAD_TF","LEAD","TF",6,4
10,"LEAD_TF","LEAD","TF",7,3
10,"LEAD_TF","LEAD","TF",8,4
10,"LEAD_TF","LEAD","TF",9,4
10,"LEAD_TF","LEAD","TF",10,4
10,"LEAD_TF","LEAD","TF",11,4
10,"LEAD_TF","LEAD","TF",12,4
10,"NPI_full","NPI","full",1,0
10,"NPI_full","NPI","full",2,0
10,"NPI_full","NPI","full",3,0
10,"NPI_full","NPI","full",4,0
10,"NPI_full","NPI","full",5,0
10,"NPI_full","NPI","full",6,1
10,"NPI_full","NPI","full",7,0
10,"NPI_full","NPI","full",8,0
10,"NPI_full","NPI","full",9,0
10,"NPI_full","NPI","full",10,0
10,"NPI_full","NPI","full",11,1
10,"NPI_full","NPI","full",12,0
10,"NPI_full","NPI","full",13,0
10,"NPI_full","NPI","full",14,0
10,"NPI_full","NPI","full",15,0
10,"NPI_full","NPI","full",16,0
11,"AAAS_AD","AAAS","AD",1,3
11,"AAAS_AD","AAAS","AD",2,4
11,"AAAS_AD","AAAS","AD",3,5
11,"AAAS_AD","AAAS","AD",4,5
11,"AAAS_AD","AAAS","AD",5,1
11,"AAAS_AD","AAAS","AD",6,4
11,"AAAS_AD","AAAS","AD",7,4
11,"AAAS_AD","AAAS","AD",8,4
11,"AAAS_AD","AAAS","AD",9,2
11,"AAAS_AD","AAAS","AD",10,5
11,"AAAS_AG","AAAS","AG",1,2
11,"AAAS_AG","AAAS","AG",2,4
11,"AAAS_AG","AAAS","AG",3,1
11,"AAAS_AG","AAAS","AG",4,4
11,"AAAS_AG","AAAS","AG",5,3
11,"AAAS_AG","AAAS","AG",6,1
11,"AAAS_AG","AAAS","AG",7,1
11,"AAAS_AG","AAAS","AG",8,2
11,"AAAS_AG","AAAS","AG",9,1
11,"AAAS_AG","AAAS","AG",10,3
11,"AAAS_AG","AAAS","AG",11,5
11,"BES_AF","BES","AF",1,4
11,"BES_AF","BES","AF",2,3
11,"BES_AF","BES","AF",3,2
11,"BES_AF","BES","AF",4,3
11,"BES_AF","BES","AF",5,4
11,"BES_AF","BES","AF",6,3
11,"BES_AF","BES","AF",7,3
11,"BES_AF","BES","AF",8,2
11,"BES_AF","BES","AF",9,2
11,"BES_AF","BES","AF",10,4
11,"BES_CE","BES","CE",1,4
11,"BES_CE","BES","CE",2,4
11,"BES_CE","BES","CE",3,4
11,"BES_CE","BES","CE",4,4
11,"BES_CE","BES","CE",5,3
11,"BES_CE","BES","CE",6,4
11,"BES_CE","BES","CE",7,4
11,"BES_CE","BES","CE",8,5
11,"BES_CE","BES","CE",9,5
11,"CON_full","CON","full",1,4
11,"CON_full","CON","full",2,2
11,"CON_full","CON","full",3,4
11,"CON_full","CON","full",4,4
11,"CON_full","CON","full",5,3
11,"CON_full","CON","full",6,5
11,"CON_full","CON","full",7,3
11,"CON_full","CON","full",8,3
11,"CON_full","CON","full",9,1
11,"CON_full","CON","full",10,2
11,"CON_full","CON","full",11,2
11,"CON_full","CON","full",12,4
11,"CON_full","CON","full",13,2
11,"CON_full","CON","full",14,4
11,"CON_full","CON","full",15,2
11,"CON_full","CON","full",16,3
11,"CON_full","CON","full",17,2
11,"CON_full","CON","full",18,4
11,"CON_full","CON","full",19,4
11,"CON_full","CON","full",20,2
11,"CON_full","CON","full",21,3
11,"CON_full","CON","full",22,4
11,"CON_full","CON","full",23,2
11,"CON_full","CON","full",24,2
11,"CON_full","CON","full",25,3
11,"CON_full","CON","full",26,4
11,"CON_full","CON","full",27,3
11,"CON_full","CON","full",28,2
11,"CON_full","CON","full",29,2
11,"CON_full","CON","full",30,2
11,"CON_full","CON","full",31,3
11,"LEAD_LF","LEAD","LF",1,2
11,"LEAD_LF","LEAD","LF",2,2
11,"LEAD_LF","LEAD","LF",3,1
11,"LEAD_TA","LEAD","TA",1,3
11,"LEAD_TA","LEAD","TA",2,3
11,"LEAD_TA","LEAD","TA",3,4
11,"LEAD_TA","LEAD","TA",4,3
11,"LEAD_TA","LEAD","TA",5,4
11,"LEAD_TA","LEAD","TA",6,3
11,"LEAD_TF","LEAD","TF",1,4
11,"LEAD_TF","LEAD","TF",2,4
11,"LEAD_TF","LEAD","TF",3,4
11,"LEAD_TF","LEAD","TF",4,4
11,"LEAD_TF","LEAD","TF",5,4
11,"LEAD_TF","LEAD","TF",6,4
11,"LEAD_TF","LEAD","TF",7,4
11,"LEAD_TF","LEAD","TF",8,3
11,"LEAD_TF","LEAD","TF",9,4
11,"LEAD_TF","LEAD","TF",10,3
11,"LEAD_TF","LEAD","TF",11,3
11,"LEAD_TF","LEAD","TF",12,3
11,"NPI_full","NPI","full",1,0
11,"NPI_full","NPI","full",2,0
11,"NPI_full","NPI","full",3,0
11,"NPI_full","NPI","full",4,0
11,"NPI_full","NPI","full",5,0
11,"NPI_full","NPI","full",6,0
11,"NPI_full","NPI","full",7,0
11,"NPI_full","NPI","full",8,0
11,"NPI_full","NPI","full",9,0
11,"NPI_full","NPI","full",10,0
11,"NPI_full","NPI","full",11,0
11,"NPI_full","NPI","full",12,0
11,"NPI_full","NPI","full",13,0
11,"NPI_full","NPI","full",14,0
11,"NPI_full","NPI","full",15,0
11,"NPI_full","NPI","full",16,0
12,"AAAS_AD","AAAS","AD",1,4
12,"AAAS_AD","AAAS","AD",2,3
12,"AAAS_AD","AAAS","AD",3,4
12,"AAAS_AD","AAAS","AD",4,5
12,"AAAS_AD","AAAS","AD",5,3
12,"AAAS_AD","AAAS","AD",6,4
12,"AAAS_AD","AAAS","AD",7,4
12,"AAAS_AD","AAAS","AD",8,3
12,"AAAS_AD","AAAS","AD",9,2
12,"AAAS_AD","AAAS","AD",10,3
12,"AAAS_AG","AAAS","AG",1,1
12,"AAAS_AG","AAAS","AG",2,2
12,"AAAS_AG","AAAS","AG",3,3
12,"AAAS_AG","AAAS","AG",4,2
12,"AAAS_AG","AAAS","AG",5,3
12,"AAAS_AG","AAAS","AG",6,1
12,"AAAS_AG","AAAS","AG",7,2
12,"AAAS_AG","AAAS","AG",8,2
12,"AAAS_AG","AAAS","AG",9,1
12,"AAAS_AG","AAAS","AG",10,1
12,"AAAS_AG","AAAS","AG",11,2
12,"BES_AF","BES","AF",1,4
12,"BES_AF","BES","AF",2,5
12,"BES_AF","BES","AF",3,4
12,"BES_AF","BES","AF",4,5
12,"BES_AF","BES","AF",5,3
12,"BES_AF","BES","AF",6,5
12,"BES_AF","BES","AF",7,2
12,"BES_AF","BES","AF",8,2
12,"BES_AF","BES","AF",9,2
12,"BES_AF","BES","AF",10,4
12,"BES_CE","BES","CE",1,5
12,"BES_CE","BES","CE",2,4
12,"BES_CE","BES","CE",3,4
12,"BES_CE","BES","CE",4,3
12,"BES_CE","BES","CE",5,4
12,"BES_CE","BES","CE",6,5
12,"BES_CE","BES","CE",7,5
12,"BES_CE","BES","CE",8,5
12,"BES_CE","BES","CE",9,5
12,"CON_full","CON","full",1,2
12,"CON_full","CON","full",2,4
12,"CON_full","CON","full",3,3
12,"CON_full","CON","full",4,4
12,"CON_full","CON","full",5,4
12,"CON_full","CON","full",6,5
12,"CON_full","CON","full",7,5
12,"CON_full","CON","full",8,5
12,"CON_full","CON","full",9,2
12,"CON_full","CON","full",10,3
12,"CON_full","CON","full",11,4
12,"CON_full","CON","full",12,4
12,"CON_full","CON","full",13,3
12,"CON_full","CON","full",14,4
12,"CON_full","CON","full",15,2
12,"CON_full","CON","full",16,3
12,"CON_full","CON","full",17,4
12,"CON_full","CON","full",18,1
12,"CON_full","CON","full",19,5
12,"CON_full","CON","full",20,4
12,"CON_full","CON","full",21,2
12,"CON_full","CON","full",22,4
12,"CON_full","CON","full",23,3
12,"CON_full","CON","full",24,2
12,"CON_full","CON","full",25,3
12,"CON_full","CON","full",26,4
12,"CON_full","CON","full",27,4
12,"CON_full","CON","full",28,3
12,"CON_full","CON","full",29,1
12,"CON_full","CON","full",30,2
12,"CON_full","CON","full",31,5
12,"LEAD_LF","LEAD","LF",1,4
12,"LEAD_LF","LEAD","LF",2,2
12,"LEAD_LF","LEAD","LF",3,1
12,"LEAD_TA","LEAD","TA",1,5
12,"LEAD_TA","LEAD","TA",2,5
12,"LEAD_TA","LEAD","TA",3,5
12,"LEAD_TA","LEAD","TA",4,3
12,"LEAD_TA","LEAD","TA",5,5
12,"LEAD_TA","LEAD","TA",6,3
12,"LEAD_TF","LEAD","TF",1,3
12,"LEAD_TF","LEAD","TF",2,3
12,"LEAD_TF","LEAD","TF",3,4
12,"LEAD_TF","LEAD","TF",4,3
12,"LEAD_TF","LEAD","TF",5,4
12,"LEAD_TF","LEAD","TF",6,4
12,"LEAD_TF","LEAD","TF",7,5
12,"LEAD_TF","LEAD","TF",8,3
12,"LEAD_TF","LEAD","TF",9,5
12,"LEAD_TF","LEAD","TF",10,4
12,"LEAD_TF","LEAD","TF",11,3
12,"LEAD_TF","LEAD","TF",12,3
12,"NPI_full","NPI","full",1,1
12,"NPI_full","NPI","full",2,0
12,"NPI_full","NPI","full",3,0
12,"NPI_full","NPI","full",4,0
12,"NPI_full","NPI","full",5,0
12,"NPI_full","NPI","full",6,0
12,"NPI_full","NPI","full",7,1
12,"NPI_full","NPI","full",8,0
12,"NPI_full","NPI","full",9,1
12,"NPI_full","NPI","full",10,0
12,"NPI_full","NPI","full",11,0
12,"NPI_full","NPI","full",12,0
12,"NPI_full","NPI","full",13,1
12,"NPI_full","NPI","full",14,0
12,"NPI_full","NPI","full",15,0
12,"NPI_full","NPI","full",16,0
13,"AAAS_AD","AAAS","AD",1,1
13,"AAAS_AD","AAAS","AD",2,4
13,"AAAS_AD","AAAS","AD",3,5
13,"AAAS_AD","AAAS","AD",4,4
13,"AAAS_AD","AAAS","AD",5,1
13,"AAAS_AD","AAAS","AD",6,5
13,"AAAS_AD","AAAS","AD",7,2
13,"AAAS_AD","AAAS","AD",8,4
13,"AAAS_AD","AAAS","AD",9,2
13,"AAAS_AD","AAAS","AD",10,3
13,"AAAS_AG","AAAS","AG",1,2
13,"AAAS_AG","AAAS","AG",2,4
13,"AAAS_AG","AAAS","AG",3,1
13,"AAAS_AG","AAAS","AG",4,4
13,"AAAS_AG","AAAS","AG",5,2
13,"AAAS_AG","AAAS","AG",6,1
13,"AAAS_AG","AAAS","AG",7,1
13,"AAAS_AG","AAAS","AG",8,1
13,"AAAS_AG","AAAS","AG",9,1
13,"AAAS_AG","AAAS","AG",10,1
13,"AAAS_AG","AAAS","AG",11,1
13,"BES_AF","BES","AF",1,4
13,"BES_AF","BES","AF",2,3
13,"BES_AF","BES","AF",3,2
13,"BES_AF","BES","AF",4,4
13,"BES_AF","BES","AF",5,4
13,"BES_AF","BES","AF",6,4
13,"BES_AF","BES","AF",7,4
13,"BES_AF","BES","AF",8,4
13,"BES_AF","BES","AF",9,1
13,"BES_AF","BES","AF",10,5
13,"BES_CE","BES","CE",1,4
13,"BES_CE","BES","CE",2,4
13,"BES_CE","BES","CE",3,4
13,"BES_CE","BES","CE",4,2
13,"BES_CE","BES","CE",5,2
13,"BES_CE","BES","CE",6,4
13,"BES_CE","BES","CE",7,4
13,"BES_CE","BES","CE",8,3
13,"BES_CE","BES","CE",9,5
13,"CON_full","CON","full",1,4
13,"CON_full","CON","full",2,2
13,"CON_full","CON","full",3,3
13,"CON_full","CON","full",4,5
13,"CON_full","CON","full",5,4
13,"CON_full","CON","full",6,4
13,"CON_full","CON","full",7,3
13,"CON_full","CON","full",8,4
13,"CON_full","CON","full",9,2
13,"CON_full","CON","full",10,2
13,"CON_full","CON","full",11,4
13,"CON_full","CON","full",12,3
13,"CON_full","CON","full",13,4
13,"CON_full","CON","full",14,3
13,"CON_full","CON","full",15,2
13,"CON_full","CON","full",16,3
13,"CON_full","CON","full",17,2
13,"CON_full","CON","full",18,4
13,"CON_full","CON","full",19,4
13,"CON_full","CON","full",20,3
13,"CON_full","CON","full",21,3
13,"CON_full","CON","full",22,4
13,"CON_full","CON","full",23,2
13,"CON_full","CON","full",24,4
13,"CON_full","CON","full",25,2
13,"CON_full","CON","full",26,2
13,"CON_full","CON","full",27,2
13,"CON_full","CON","full",28,2
13,"CON_full","CON","full",29,1
13,"CON_full","CON","full",30,1
13,"CON_full","CON","full",31,4
13,"LEAD_LF","LEAD","LF",1,2
13,"LEAD_LF","LEAD","LF",2,2
13,"LEAD_LF","LEAD","LF",3,1
13,"LEAD_TA","LEAD","TA",1,4
13,"LEAD_TA","LEAD","TA",2,4
13,"LEAD_TA","LEAD","TA",3,3
13,"LEAD_TA","LEAD","TA",4,4
13,"LEAD_TA","LEAD","TA",5,4
13,"LEAD_TA","LEAD","TA",6,3
13,"LEAD_TF","LEAD","TF",1,3
13,"LEAD_TF","LEAD","TF",2,5
13,"LEAD_TF","LEAD","TF",3,3
13,"LEAD_TF","LEAD","TF",4,4
13,"LEAD_TF","LEAD","TF",5,4
13,"LEAD_TF","LEAD","TF",6,4
13,"LEAD_TF","LEAD","TF",7,3
13,"LEAD_TF","LEAD","TF",8,3
13,"LEAD_TF","LEAD","TF",9,4
13,"LEAD_TF","LEAD","TF",10,3
13,"LEAD_TF","LEAD","TF",11,3
13,"LEAD_TF","LEAD","TF",12,4
13,"NPI_full","NPI","full",1,0
13,"NPI_full","NPI","full",2,0
13,"NPI_full","NPI","full",3,0
13,"NPI_full","NPI","full",4,0
13,"NPI_full","NPI","full",5,0
13,"NPI_full","NPI","full",6,0
13,"NPI_full","NPI","full",7,1
13,"NPI_full","NPI","full",8,1
13,"NPI_full","NPI","full",9,0
13,"NPI_full","NPI","full",10,0
13,"NPI_full","NPI","full",11,0
13,"NPI_full","NPI","full",12,0
13,"NPI_full","NPI","full",13,0
13,"NPI_full","NPI","full",14,0
13,"NPI_full","NPI","full",15,0
13,"NPI_full","NPI","full",16,0
14,"AAAS_AD","AAAS","AD",1,4
14,"AAAS_AD","AAAS","AD",2,5
14,"AAAS_AD","AAAS","AD",3,5
14,"AAAS_AD","AAAS","AD",4,2
14,"AAAS_AD","AAAS","AD",5,3
14,"AAAS_AD","AAAS","AD",6,4
14,"AAAS_AD","AAAS","AD",7,5
14,"AAAS_AD","AAAS","AD",8,4
14,"AAAS_AD","AAAS","AD",9,2
14,"AAAS_AD","AAAS","AD",10,5
14,"AAAS_AG","AAAS","AG",1,1
14,"AAAS_AG","AAAS","AG",2,2
14,"AAAS_AG","AAAS","AG",3,1
14,"AAAS_AG","AAAS","AG",4,3
14,"AAAS_AG","AAAS","AG",5,3
14,"AAAS_AG","AAAS","AG",6,1
14,"AAAS_AG","AAAS","AG",7,1
14,"AAAS_AG","AAAS","AG",8,1
14,"AAAS_AG","AAAS","AG",9,1
14,"AAAS_AG","AAAS","AG",10,2
14,"AAAS_AG","AAAS","AG",11,2
14,"BES_AF","BES","AF",1,4
14,"BES_AF","BES","AF",2,1
14,"BES_AF","BES","AF",3,2
14,"BES_AF","BES","AF",4,5
14,"BES_AF","BES","AF",5,2
14,"BES_AF","BES","AF",6,4
14,"BES_AF","BES","AF",7,2
14,"BES_AF","BES","AF",8,1
14,"BES_AF","BES","AF",9,1
14,"BES_AF","BES","AF",10,4
14,"BES_CE","BES","CE",1,4
14,"BES_CE","BES","CE",2,5
14,"BES_CE","BES","CE",3,3
14,"BES_CE","BES","CE",4,4
14,"BES_CE","BES","CE",5,5
14,"BES_CE","BES","CE",6,5
14,"BES_CE","BES","CE",7,4
14,"BES_CE","BES","CE",8,5
14,"BES_CE","BES","CE",9,4
14,"CON_full","CON","full",1,5
14,"CON_full","CON","full",2,3
14,"CON_full","CON","full",3,4
14,"CON_full","CON","full",4,1
14,"CON_full","CON","full",5,4
14,"CON_full","CON","full",6,5
14,"CON_full","CON","full",7,3
14,"CON_full","CON","full",8,5
14,"CON_full","CON","full",9,1
14,"CON_full","CON","full",10,5
14,"CON_full","CON","full",11,2
14,"CON_full","CON","full",12,4
14,"CON_full","CON","full",13,4
14,"CON_full","CON","full",14,4
14,"CON_full","CON","full",15,1
14,"CON_full","CON","full",16,4
14,"CON_full","CON","full",17,2
14,"CON_full","CON","full",18,3
14,"CON_full","CON","full",19,2
14,"CON_full","CON","full",20,5
14,"CON_full","CON","full",21,2
14,"CON_full","CON","full",22,3
14,"CON_full","CON","full",23,2
14,"CON_full","CON","full",24,1
14,"CON_full","CON","full",25,1
14,"CON_full","CON","full",26,4
14,"CON_full","CON","full",27,5
14,"CON_full","CON","full",28,2
14,"CON_full","CON","full",29,2
14,"CON_full","CON","full",30,2
14,"CON_full","CON","full",31,4
14,"LEAD_LF","LEAD","LF",1,1
14,"LEAD_LF","LEAD","LF",2,2
14,"LEAD_LF","LEAD","LF",3,1
14,"LEAD_TA","LEAD","TA",1,3
14,"LEAD_TA","LEAD","TA",2,3
14,"LEAD_TA","LEAD","TA",3,3
14,"LEAD_TA","LEAD","TA",4,2
14,"LEAD_TA","LEAD","TA",5,4
14,"LEAD_TA","LEAD","TA",6,3
14,"LEAD_TF","LEAD","TF",1,3
14,"LEAD_TF","LEAD","TF",2,4
14,"LEAD_TF","LEAD","TF",3,4
14,"LEAD_TF","LEAD","TF",4,4
14,"LEAD_TF","LEAD","TF",5,4
14,"LEAD_TF","LEAD","TF",6,4
14,"LEAD_TF","LEAD","TF",7,4
14,"LEAD_TF","LEAD","TF",8,4
14,"LEAD_TF","LEAD","TF",9,4
14,"LEAD_TF","LEAD","TF",10,4
14,"LEAD_TF","LEAD","TF",11,3
14,"LEAD_TF","LEAD","TF",12,4
14,"NPI_full","NPI","full",1,1
14,"NPI_full","NPI","full",2,1
14,"NPI_full","NPI","full",3,1
14,"NPI_full","NPI","full",4,0
14,"NPI_full","NPI","full",5,0
14,"NPI_full","NPI","full",6,1
14,"NPI_full","NPI","full",7,1
14,"NPI_full","NPI","full",8,0
14,"NPI_full","NPI","full",9,0
14,"NPI_full","NPI","full",10,1
14,"NPI_full","NPI","full",11,0
14,"NPI_full","NPI","full",12,1
14,"NPI_full","NPI","full",13,1
14,"NPI_full","NPI","full",14,1
14,"NPI_full","NPI","full",15,0
14,"NPI_full","NPI","full",16,1
15,"AAAS_AD","AAAS","AD",1,1
15,"AAAS_AD","AAAS","AD",2,3
15,"AAAS_AD","AAAS","AD",3,2
15,"AAAS_AD","AAAS","AD",4,1
15,"AAAS_AD","AAAS","AD",5,1
15,"AAAS_AD","AAAS","AD",6,1
15,"AAAS_AD","AAAS","AD",7,4
15,"AAAS_AD","AAAS","AD",8,1
15,"AAAS_AD","AAAS","AD",9,2
15,"AAAS_AD","AAAS","AD",10,5
15,"AAAS_AG","AAAS","AG",1,2
15,"AAAS_AG","AAAS","AG",2,3
15,"AAAS_AG","AAAS","AG",3,1
15,"AAAS_AG","AAAS","AG",4,2
15,"AAAS_AG","AAAS","AG",5,1
15,"AAAS_AG","AAAS","AG",6,1
15,"AAAS_AG","AAAS","AG",7,3
15,"AAAS_AG","AAAS","AG",8,1
15,"AAAS_AG","AAAS","AG",9,5
15,"AAAS_AG","AAAS","AG",10,2
15,"AAAS_AG","AAAS","AG",11,1
15,"BES_AF","BES","AF",1,3
15,"BES_AF","BES","AF",2,2
15,"BES_AF","BES","AF",3,3
15,"BES_AF","BES","AF",4,3
15,"BES_AF","BES","AF",5,3
15,"BES_AF","BES","AF",6,2
15,"BES_AF","BES","AF",7,3
15,"BES_AF","BES","AF",8,3
15,"BES_AF","BES","AF",9,3
15,"BES_AF","BES","AF",10,4
15,"BES_CE","BES","CE",1,3
15,"BES_CE","BES","CE",2,4
15,"BES_CE","BES","CE",3,3
15,"BES_CE","BES","CE",4,4
15,"BES_CE","BES","CE",5,3
15,"BES_CE","BES","CE",6,4
15,"BES_CE","BES","CE",7,5
15,"BES_CE","BES","CE",8,5
15,"BES_CE","BES","CE",9,5
15,"CON_full","CON","full",1,3
15,"CON_full","CON","full",2,2
15,"CON_full","CON","full",3,1
15,"CON_full","CON","full",4,3
15,"CON_full","CON","full",5,2
15,"CON_full","CON","full",6,4
15,"CON_full","CON","full",7,3
15,"CON_full","CON","full",8,2
15,"CON_full","CON","full",9,1
15,"CON_full","CON","full",10,3
15,"CON_full","CON","full",11,2
15,"CON_full","CON","full",12,1
15,"CON_full","CON","full",13,4
15,"CON_full","CON","full",14,4
15,"CON_full","CON","full",15,2
15,"CON_full","CON","full",16,2
15,"CON_full","CON","full",17,3
15,"CON_full","CON","full",18,5
15,"CON_full","CON","full",19,2
15,"CON_full","CON","full",20,3
15,"CON_full","CON","full",21,3
15,"CON_full","CON","full",22,4
15,"CON_full","CON","full",23,3
15,"CON_full","CON","full",24,2
15,"CON_full","CON","full",25,4
15,"CON_full","CON","full",26,4
15,"CON_full","CON","full",27,3
15,"CON_full","CON","full",28,3
15,"CON_full","CON","full",29,3
15,"CON_full","CON","full",30,2
15,"CON_full","CON","full",31,1
15,"LEAD_LF","LEAD","LF",1,2
15,"LEAD_LF","LEAD","LF",2,2
15,"LEAD_LF","LEAD","LF",3,3
15,"LEAD_TA","LEAD","TA",1,4
15,"LEAD_TA","LEAD","TA",2,4
15,"LEAD_TA","LEAD","TA",3,1
15,"LEAD_TA","LEAD","TA",4,3
15,"LEAD_TA","LEAD","TA",5,4
15,"LEAD_TA","LEAD","TA",6,3
15,"LEAD_TF","LEAD","TF",1,4
15,"LEAD_TF","LEAD","TF",2,3
15,"LEAD_TF","LEAD","TF",3,3
15,"LEAD_TF","LEAD","TF",4,4
15,"LEAD_TF","LEAD","TF",5,4
15,"LEAD_TF","LEAD","TF",6,4
15,"LEAD_TF","LEAD","TF",7,3
15,"LEAD_TF","LEAD","TF",8,3
15,"LEAD_TF","LEAD","TF",9,2
15,"LEAD_TF","LEAD","TF",10,3
15,"LEAD_TF","LEAD","TF",11,4
15,"LEAD_TF","LEAD","TF",12,2
15,"NPI_full","NPI","full",1,0
15,"NPI_full","NPI","full",2,0
15,"NPI_full","NPI","full",3,1
15,"NPI_full","NPI","full",4,1
15,"NPI_full","NPI","full",5,1
15,"NPI_full","NPI","full",6,0
15,"NPI_full","NPI","full",7,1
15,"NPI_full","NPI","full",8,0
15,"NPI_full","NPI","full",9,0
15,"NPI_full","NPI","full",10,0
15,"NPI_full","NPI","full",11,1
15,"NPI_full","NPI","full",12,1
15,"NPI_full","NPI","full",13,0
15,"NPI_full","NPI","full",14,0
15,"NPI_full","NPI","full",15,3
15,"NPI_full","NPI","full",16,4
16,"AAAS_AD","AAAS","AD",1,5
16,"AAAS_AD","AAAS","AD",2,5
16,"AAAS_AD","AAAS","AD",3,1
16,"AAAS_AD","AAAS","AD",4,4
16,"AAAS_AD","AAAS","AD",5,5
16,"AAAS_AD","AAAS","AD",6,4
16,"AAAS_AD","AAAS","AD",7,4
16,"AAAS_AD","AAAS","AD",8,4
16,"AAAS_AD","AAAS","AD",9,4
16,"AAAS_AD","AAAS","AD",10,4
16,"AAAS_AG","AAAS","AG",1,4
16,"AAAS_AG","AAAS","AG",2,5
16,"AAAS_AG","AAAS","AG",3,5
16,"AAAS_AG","AAAS","AG",4,5
16,"AAAS_AG","AAAS","AG",5,5
16,"AAAS_AG","AAAS","AG",6,4
16,"AAAS_AG","AAAS","AG",7,3
16,"AAAS_AG","AAAS","AG",8,5
16,"AAAS_AG","AAAS","AG",9,4
16,"AAAS_AG","AAAS","AG",10,4
16,"AAAS_AG","AAAS","AG",11,3
16,"BES_AF","BES","AF",1,4
16,"BES_AF","BES","AF",2,3
16,"BES_AF","BES","AF",3,2
16,"BES_AF","BES","AF",4,3
16,"BES_AF","BES","AF",5,3
16,"BES_AF","BES","AF",6,3
16,"BES_AF","BES","AF",7,2
16,"BES_AF","BES","AF",8,2
16,"BES_AF","BES","AF",9,2
16,"BES_AF","BES","AF",10,3
16,"BES_CE","BES","CE",1,4
16,"BES_CE","BES","CE",2,4
16,"BES_CE","BES","CE",3,3
16,"BES_CE","BES","CE",4,4
16,"BES_CE","BES","CE",5,2
16,"BES_CE","BES","CE",6,4
16,"BES_CE","BES","CE",7,4
16,"BES_CE","BES","CE",8,4
16,"BES_CE","BES","CE",9,4
16,"CON_full","CON","full",1,5
16,"CON_full","CON","full",2,4
16,"CON_full","CON","full",3,5
16,"CON_full","CON","full",4,5
16,"CON_full","CON","full",5,4
16,"CON_full","CON","full",6,4
16,"CON_full","CON","full",7,4
16,"CON_full","CON","full",8,4
16,"CON_full","CON","full",9,3
16,"CON_full","CON","full",10,4
16,"CON_full","CON","full",11,4
16,"CON_full","CON","full",12,4
16,"CON_full","CON","full",13,4
16,"CON_full","CON","full",14,4
16,"CON_full","CON","full",15,3
16,"CON_full","CON","full",16,4
16,"CON_full","CON","full",17,4
16,"CON_full","CON","full",18,4
16,"CON_full","CON","full",19,3
16,"CON_full","CON","full",20,4
16,"CON_full","CON","full",21,4
16,"CON_full","CON","full",22,4
16,"CON_full","CON","full",23,3
16,"CON_full","CON","full",24,4
16,"CON_full","CON","full",25,4
16,"CON_full","CON","full",26,4
16,"CON_full","CON","full",27,4
16,"CON_full","CON","full",28,4
16,"CON_full","CON","full",29,4
16,"CON_full","CON","full",30,4
16,"CON_full","CON","full",31,4
16,"LEAD_LF","LEAD","LF",1,1
16,"LEAD_LF","LEAD","LF",2,2
16,"LEAD_LF","LEAD","LF",3,2
16,"LEAD_TA","LEAD","TA",1,4
16,"LEAD_TA","LEAD","TA",2,4
16,"LEAD_TA","LEAD","TA",3,4
16,"LEAD_TA","LEAD","TA",4,3
16,"LEAD_TA","LEAD","TA",5,4
16,"LEAD_TA","LEAD","TA",6,4
16,"LEAD_TF","LEAD","TF",1,3
16,"LEAD_TF","LEAD","TF",2,2
16,"LEAD_TF","LEAD","TF",3,3
16,"LEAD_TF","LEAD","TF",4,3
16,"LEAD_TF","LEAD","TF",5,4
16,"LEAD_TF","LEAD","TF",6,3
16,"LEAD_TF","LEAD","TF",7,4
16,"LEAD_TF","LEAD","TF",8,4
16,"LEAD_TF","LEAD","TF",9,3
16,"LEAD_TF","LEAD","TF",10,3
16,"LEAD_TF","LEAD","TF",11,3
16,"LEAD_TF","LEAD","TF",12,3
16,"NPI_full","NPI","full",1,1
16,"NPI_full","NPI","full",2,1
16,"NPI_full","NPI","full",3,1
16,"NPI_full","NPI","full",4,1
16,"NPI_full","NPI","full",5,0
16,"NPI_full","NPI","full",6,0
16,"NPI_full","NPI","full",7,1
16,"NPI_full","NPI","full",8,1
16,"NPI_full","NPI","full",9,1
16,"NPI_full","NPI","full",10,1
16,"NPI_full","NPI","full",11,1
16,"NPI_full","NPI","full",12,1
16,"NPI_full","NPI","full",13,1
16,"NPI_full","NPI","full",14,1
16,"NPI_full","NPI","full",15,1
16,"NPI_full","NPI","full",16,1
17,"AAAS_AD","AAAS","AD",1,3
17,"AAAS_AD","AAAS","AD",2,3
17,"AAAS_AD","AAAS","AD",3,2
17,"AAAS_AD","AAAS","AD",4,3
17,"AAAS_AD","AAAS","AD",5,4
17,"AAAS_AD","AAAS","AD",6,2
17,"AAAS_AD","AAAS","AD",7,1
17,"AAAS_AD","AAAS","AD",8,2
17,"AAAS_AD","AAAS","AD",9,4
17,"AAAS_AD","AAAS","AD",10,3
17,"AAAS_AG","AAAS","AG",1,3
17,"AAAS_AG","AAAS","AG",2,2
17,"AAAS_AG","AAAS","AG",3,4
17,"AAAS_AG","AAAS","AG",4,1
17,"AAAS_AG","AAAS","AG",5,3
17,"AAAS_AG","AAAS","AG",6,4
17,"AAAS_AG","AAAS","AG",7,4
17,"AAAS_AG","AAAS","AG",8,2
17,"AAAS_AG","AAAS","AG",9,4
17,"AAAS_AG","AAAS","AG",10,4
17,"AAAS_AG","AAAS","AG",11,5
17,"BES_AF","BES","AF",1,3
17,"BES_AF","BES","AF",2,3
17,"BES_AF","BES","AF",3,4
17,"BES_AF","BES","AF",4,2
17,"BES_AF","BES","AF",5,2
17,"BES_AF","BES","AF",6,2
17,"BES_AF","BES","AF",7,4
17,"BES_AF","BES","AF",8,4
17,"BES_AF","BES","AF",9,2
17,"BES_AF","BES","AF",10,2
17,"BES_CE","BES","CE",1,2
17,"BES_CE","BES","CE",2,3
17,"BES_CE","BES","CE",3,1
17,"BES_CE","BES","CE",4,3
17,"BES_CE","BES","CE",5,2
17,"BES_CE","BES","CE",6,1
17,"BES_CE","BES","CE",7,2
17,"BES_CE","BES","CE",8,2
17,"BES_CE","BES","CE",9,2
17,"CON_full","CON","full",1,5
17,"CON_full","CON","full",2,2
17,"CON_full","CON","full",3,3
17,"CON_full","CON","full",4,4
17,"CON_full","CON","full",5,3
17,"CON_full","CON","full",6,5
17,"CON_full","CON","full",7,2
17,"CON_full","CON","full",8,3
17,"CON_full","CON","full",9,3
17,"CON_full","CON","full",10,1
17,"CON_full","CON","full",11,2
17,"CON_full","CON","full",12,4
17,"CON_full","CON","full",13,3
17,"CON_full","CON","full",14,3
17,"CON_full","CON","full",15,3
17,"CON_full","CON","full",16,2
17,"CON_full","CON","full",17,2
17,"CON_full","CON","full",18,5
17,"CON_full","CON","full",19,1
17,"CON_full","CON","full",20,1
17,"CON_full","CON","full",21,1
17,"CON_full","CON","full",22,2
17,"CON_full","CON","full",23,4
17,"CON_full","CON","full",24,1
17,"CON_full","CON","full",25,5
17,"CON_full","CON","full",26,1
17,"CON_full","CON","full",27,3
17,"CON_full","CON","full",28,3
17,"CON_full","CON","full",29,3
17,"CON_full","CON","full",30,4
17,"CON_full","CON","full",31,1
17,"LEAD_LF","LEAD","LF",1,1
17,"LEAD_LF","LEAD","LF",2,2
17,"LEAD_LF","LEAD","LF",3,1
17,"LEAD_TA","LEAD","TA",1,4
17,"LEAD_TA","LEAD","TA",2,3
17,"LEAD_TA","LEAD","TA",3,2
17,"LEAD_TA","LEAD","TA",4,4
17,"LEAD_TA","LEAD","TA",5,4
17,"LEAD_TA","LEAD","TA",6,3
17,"LEAD_TF","LEAD","TF",1,4
17,"LEAD_TF","LEAD","TF",2,4
17,"LEAD_TF","LEAD","TF",3,4
17,"LEAD_TF","LEAD","TF",4,3
17,"LEAD_TF","LEAD","TF",5,4
17,"LEAD_TF","LEAD","TF",6,4
17,"LEAD_TF","LEAD","TF",7,4
17,"LEAD_TF","LEAD","TF",8,4
17,"LEAD_TF","LEAD","TF",9,4
17,"LEAD_TF","LEAD","TF",10,3
17,"LEAD_TF","LEAD","TF",11,4
17,"LEAD_TF","LEAD","TF",12,4
17,"NPI_full","NPI","full",1,1
17,"NPI_full","NPI","full",2,1
17,"NPI_full","NPI","full",3,0
17,"NPI_full","NPI","full",4,0
17,"NPI_full","NPI","full",5,0
17,"NPI_full","NPI","full",6,1
17,"NPI_full","NPI","full",7,0
17,"NPI_full","NPI","full",8,0
17,"NPI_full","NPI","full",9,0
17,"NPI_full","NPI","full",10,0
17,"NPI_full","NPI","full",11,0
17,"NPI_full","NPI","full",12,0
17,"NPI_full","NPI","full",13,0
17,"NPI_full","NPI","full",14,0
17,"NPI_full","NPI","full",15,0
17,"NPI_full","NPI","full",16,0
18,"AAAS_AD","AAAS","AD",1,3
18,"AAAS_AD","AAAS","AD",2,5
18,"AAAS_AD","AAAS","AD",3,4
18,"AAAS_AD","AAAS","AD",4,3
18,"AAAS_AD","AAAS","AD",5,3
18,"AAAS_AD","AAAS","AD",6,4
18,"AAAS_AD","AAAS","AD",7,4
18,"AAAS_AD","AAAS","AD",8,4
18,"AAAS_AD","AAAS","AD",9,3
18,"AAAS_AD","AAAS","AD",10,2
18,"AAAS_AG","AAAS","AG",1,2
18,"AAAS_AG","AAAS","AG",2,3
18,"AAAS_AG","AAAS","AG",3,3
18,"AAAS_AG","AAAS","AG",4,3
18,"AAAS_AG","AAAS","AG",5,4
18,"AAAS_AG","AAAS","AG",6,1
18,"AAAS_AG","AAAS","AG",7,2
18,"AAAS_AG","AAAS","AG",8,3
18,"AAAS_AG","AAAS","AG",9,1
18,"AAAS_AG","AAAS","AG",10,2
18,"AAAS_AG","AAAS","AG",11,4
18,"BES_AF","BES","AF",1,4
18,"BES_AF","BES","AF",2,4
18,"BES_AF","BES","AF",3,4
18,"BES_AF","BES","AF",4,3
18,"BES_AF","BES","AF",5,5
18,"BES_AF","BES","AF",6,4
18,"BES_AF","BES","AF",7,3
18,"BES_AF","BES","AF",8,1
18,"BES_AF","BES","AF",9,3
18,"BES_AF","BES","AF",10,4
18,"BES_CE","BES","CE",1,5
18,"BES_CE","BES","CE",2,4
18,"BES_CE","BES","CE",3,3
18,"BES_CE","BES","CE",4,3
18,"BES_CE","BES","CE",5,4
18,"BES_CE","BES","CE",6,4
18,"BES_CE","BES","CE",7,4
18,"BES_CE","BES","CE",8,4
18,"BES_CE","BES","CE",9,4
18,"CON_full","CON","full",1,4
18,"CON_full","CON","full",2,2
18,"CON_full","CON","full",3,3
18,"CON_full","CON","full",4,3
18,"CON_full","CON","full",5,5
18,"CON_full","CON","full",6,5
18,"CON_full","CON","full",7,4
18,"CON_full","CON","full",8,4
18,"CON_full","CON","full",9,3
18,"CON_full","CON","full",10,3
18,"CON_full","CON","full",11,3
18,"CON_full","CON","full",12,4
18,"CON_full","CON","full",13,4
18,"CON_full","CON","full",14,3
18,"CON_full","CON","full",15,2
18,"CON_full","CON","full",16,4
18,"CON_full","CON","full",17,2
18,"CON_full","CON","full",18,5
18,"CON_full","CON","full",19,4
18,"CON_full","CON","full",20,3
18,"CON_full","CON","full",21,4
18,"CON_full","CON","full",22,4
18,"CON_full","CON","full",23,3
18,"CON_full","CON","full",24,2
18,"CON_full","CON","full",25,3
18,"CON_full","CON","full",26,3
18,"CON_full","CON","full",27,4
18,"CON_full","CON","full",28,2
18,"CON_full","CON","full",29,3
18,"CON_full","CON","full",30,4
18,"CON_full","CON","full",31,5
18,"LEAD_LF","LEAD","LF",1,2
18,"LEAD_LF","LEAD","LF",2,1
18,"LEAD_LF","LEAD","LF",3,1
18,"LEAD_TA","LEAD","TA",1,3
18,"LEAD_TA","LEAD","TA",2,3
18,"LEAD_TA","LEAD","TA",3,3
18,"LEAD_TA","LEAD","TA",4,4
18,"LEAD_TA","LEAD","TA",5,3
18,"LEAD_TA","LEAD","TA",6,2
18,"LEAD_TF","LEAD","TF",1,4
18,"LEAD_TF","LEAD","TF",2,3
18,"LEAD_TF","LEAD","TF",3,4
18,"LEAD_TF","LEAD","TF",4,4
18,"LEAD_TF","LEAD","TF",5,3
18,"LEAD_TF","LEAD","TF",6,3
18,"LEAD_TF","LEAD","TF",7,3
18,"LEAD_TF","LEAD","TF",8,3
18,"LEAD_TF","LEAD","TF",9,4
18,"LEAD_TF","LEAD","TF",10,4
18,"LEAD_TF","LEAD","TF",11,4
18,"LEAD_TF","LEAD","TF",12,3
18,"NPI_full","NPI","full",1,1
18,"NPI_full","NPI","full",2,0
18,"NPI_full","NPI","full",3,1
18,"NPI_full","NPI","full",4,0
18,"NPI_full","NPI","full",5,1
18,"NPI_full","NPI","full",6,1
18,"NPI_full","NPI","full",7,0
18,"NPI_full","NPI","full",8,0
18,"NPI_full","NPI","full",9,1
18,"NPI_full","NPI","full",10,0
18,"NPI_full","NPI","full",11,0
18,"NPI_full","NPI","full",12,0
18,"NPI_full","NPI","full",13,0
18,"NPI_full","NPI","full",14,0
18,"NPI_full","NPI","full",15,0
18,"NPI_full","NPI","full",16,0
19,"AAAS_AD","AAAS","AD",1,4
19,"AAAS_AD","AAAS","AD",2,5
19,"AAAS_AD","AAAS","AD",3,5
19,"AAAS_AD","AAAS","AD",4,5
19,"AAAS_AD","AAAS","AD",5,3
19,"AAAS_AD","AAAS","AD",6,5
19,"AAAS_AD","AAAS","AD",7,5
19,"AAAS_AD","AAAS","AD",8,5
19,"AAAS_AD","AAAS","AD",9,3
19,"AAAS_AD","AAAS","AD",10,5
19,"AAAS_AG","AAAS","AG",1,1
19,"AAAS_AG","AAAS","AG",2,2
19,"AAAS_AG","AAAS","AG",3,1
19,"AAAS_AG","AAAS","AG",4,5
19,"AAAS_AG","AAAS","AG",5,3
19,"AAAS_AG","AAAS","AG",6,1
19,"AAAS_AG","AAAS","AG",7,3
19,"AAAS_AG","AAAS","AG",8,3
19,"AAAS_AG","AAAS","AG",9,1
19,"AAAS_AG","AAAS","AG",10,3
19,"AAAS_AG","AAAS","AG",11,5
19,"BES_AF","BES","AF",1,4
19,"BES_AF","BES","AF",2,4
19,"BES_AF","BES","AF",3,5
19,"BES_AF","BES","AF",4,4
19,"BES_AF","BES","AF",5,4
19,"BES_AF","BES","AF",6,3
19,"BES_AF","BES","AF",7,4
19,"BES_AF","BES","AF",8,2
19,"BES_AF","BES","AF",9,5
19,"BES_AF","BES","AF",10,5
19,"BES_CE","BES","CE",1,4
19,"BES_CE","BES","CE",2,4
19,"BES_CE","BES","CE",3,5
19,"BES_CE","BES","CE",4,3
19,"BES_CE","BES","CE",5,4
19,"BES_CE","BES","CE",6,4
19,"BES_CE","BES","CE",7,4
19,"BES_CE","BES","CE",8,5
19,"BES_CE","BES","CE",9,5
19,"CON_full","CON","full",1,4
19,"CON_full","CON","full",2,3
19,"CON_full","CON","full",3,3
19,"CON_full","CON","full",4,2
19,"CON_full","CON","full",5,4
19,"CON_full","CON","full",6,3
19,"CON_full","CON","full",7,4
19,"CON_full","CON","full",8,4
19,"CON_full","CON","full",9,4
19,"CON_full","CON","full",10,5
19,"CON_full","CON","full",11,4
19,"CON_full","CON","full",12,3
19,"CON_full","CON","full",13,4
19,"CON_full","CON","full",14,4
19,"CON_full","CON","full",15,4
19,"CON_full","CON","full",16,5
19,"CON_full","CON","full",17,4
19,"CON_full","CON","full",18,5
19,"CON_full","CON","full",19,4
19,"CON_full","CON","full",20,3
19,"CON_full","CON","full",21,4
19,"CON_full","CON","full",22,4
19,"CON_full","CON","full",23,1
19,"CON_full","CON","full",24,4
19,"CON_full","CON","full",25,2
19,"CON_full","CON","full",26,5
19,"CON_full","CON","full",27,3
19,"CON_full","CON","full",28,2
19,"CON_full","CON","full",29,3
19,"CON_full","CON","full",30,4
19,"CON_full","CON","full",31,4
19,"LEAD_LF","LEAD","LF",1,2
19,"LEAD_LF","LEAD","LF",2,2
19,"LEAD_LF","LEAD","LF",3,2
19,"LEAD_TA","LEAD","TA",1,3
19,"LEAD_TA","LEAD","TA",2,3
19,"LEAD_TA","LEAD","TA",3,4
19,"LEAD_TA","LEAD","TA",4,3
19,"LEAD_TA","LEAD","TA",5,4
19,"LEAD_TA","LEAD","TA",6,3
19,"LEAD_TF","LEAD","TF",1,3
19,"LEAD_TF","LEAD","TF",2,5
19,"LEAD_TF","LEAD","TF",3,4
19,"LEAD_TF","LEAD","TF",4,3
19,"LEAD_TF","LEAD","TF",5,4
19,"LEAD_TF","LEAD","TF",6,3
19,"LEAD_TF","LEAD","TF",7,3
19,"LEAD_TF","LEAD","TF",8,3
19,"LEAD_TF","LEAD","TF",9,4
19,"LEAD_TF","LEAD","TF",10,3
19,"LEAD_TF","LEAD","TF",11,3
19,"LEAD_TF","LEAD","TF",12,4
19,"NPI_full","NPI","full",1,0
19,"NPI_full","NPI","full",2,0
19,"NPI_full","NPI","full",3,1
19,"NPI_full","NPI","full",4,0
19,"NPI_full","NPI","full",5,1
19,"NPI_full","NPI","full",6,1
19,"NPI_full","NPI","full",7,0
19,"NPI_full","NPI","full",8,0
19,"NPI_full","NPI","full",9,0
19,"NPI_full","NPI","full",10,1
19,"NPI_full","NPI","full",11,0
19,"NPI_full","NPI","full",12,0
19,"NPI_full","NPI","full",13,1
19,"NPI_full","NPI","full",14,0
19,"NPI_full","NPI","full",15,1
19,"NPI_full","NPI","full",16,0
